carx,cary,caryaw
3.1388879695724654,-8.053035003773688,-0.0038520336151123048
3.2777755707685676,-8.053658345567957,-0.004488072395324707
3.4166614890237237,-8.054583565229498,-0.006661625504493713
3.5555455393638846,-8.055756118900616,-0.008442479968070984
3.694427159306181,-8.057187888157014,-0.010308912992477416
3.833312133068352,-8.05824542495587,-0.007614332437515258
3.9721952059365417,-8.059528542911908,-0.009238573312759398
4.111077862370019,-8.060855970115465,-0.009557613730430601
4.2499626816663145,-8.061933601794347,-0.007759019732475279
4.388848299898012,-8.062902812503733,-0.006978368163108824
4.527729217486261,-8.064401161877484,-0.010788316130638121
4.666615176398952,-8.065320258119693,-0.006617535948753355
4.805498127350404,-8.066616505016086,-0.00933310568332672
4.944382561133095,-8.067742726069662,-0.008108873963356016
5.083266913748224,-8.0688789125317,-0.008180627226829527
5.222153952472638,-8.069617015074105,-0.005314359068870542
5.361037182170534,-8.070883044173819,-0.00911552846431732
5.499921811722218,-8.071984858718844,-0.007933141589164732
5.6387998365955,-8.073730862240023,-0.01257154643535614
5.777674805522338,-8.07570502701778,-0.01421445369720459
5.916550575045742,-8.077622045609896,-0.013802961111068724
6.055423155851039,-8.079757606771784,-0.015376634001731872
6.194290118524955,-8.082231671993478,-0.017814197540283204
6.333150410113975,-8.08505545329032,-0.02033261001110077
6.472004220571245,-8.088181735826554,-0.022511117458343506
6.610849671749242,-8.091659523654815,-0.02504266977310181
6.74972244769524,-8.093782357151005,-0.01528498411178589
6.888598808462821,-8.095656054285744,-0.013491017818450928
7.027486631685294,-8.096227789821778,-0.0041165041923522955
7.1663747684501,-8.09671747033033,-0.0035257041454315194
7.305260691631808,-8.097641950165027,-0.006656298637390138
7.444148540070469,-8.098207526932267,-0.004072160720825196
7.583037032118047,-8.098583156736336,-0.002704535722732545
7.721921438142196,-8.099712795757954,-0.008133484125137331
7.86081029075778,-8.099915132424503,-0.0014568233489990253
7.9996968695169395,-8.100735230940403,-0.005904738903045656
8.138578437486398,-8.10217203271687,-0.01034514904022217
8.277461933938467,-8.103408452648784,-0.008902333974838259
8.416347580416238,-8.104373607274413,-0.006949163675308229
8.555233166978285,-8.105347345594488,-0.007010967731475831
8.694117326916034,-8.106506845221832,-0.008348487615585327
8.833002536822681,-8.107532900866843,-0.007387661933898926
8.97189052831623,-8.108062183294324,-0.003810839653015137
9.11077639503479,-8.108995107103912,-0.006717096567153931
9.249665307499399,-8.109151041059487,-0.0011227238178253178
9.38855424516201,-8.109282631147185,-0.0009474480152130132
9.527443185732269,-8.109411115666198,-0.0009250879287719732
9.666332145135238,-8.109517308700486,-0.0007645893096923833
9.805220987483464,-8.10972657448771,-0.0015067130327224736
9.944109728749918,-8.109994661078392,-0.0019302231073379521
10.082998620983071,-8.109821643022617,0.0012457293272018428
10.221887463695554,-8.109612619130829,0.0015049713850021358
10.360776420029536,-8.10972275294472,-0.0007929629087448126
10.499665419890094,-8.109716529304201,4.481017589569032e-05
10.638553915964433,-8.110090667257923,-0.0026937943696975714
10.777441341632523,-8.110751963175877,-0.00476134479045868
10.916328061349953,-8.111547831966496,-0.005730282068252565
11.055217028317461,-8.11164362183231,-0.0006896865367889415
11.194103250526338,-8.11252203036275,-0.0063245785236358655
11.332982026984311,-8.114207192235135,-0.012133453488349915
11.471845229562243,-8.11688399831709,-0.019274181723594665
11.610725311452153,-8.118457902777964,-0.011332345604896545
11.749611509417754,-8.11934013611436,-0.0063521176576614375
11.888492216989698,-8.120857826898456,-0.010927582383155821
12.02737062859058,-8.122572794016547,-0.01234806716442108
12.166252389202356,-8.123990852680118,-0.010210191607475279
12.305141183533639,-8.124229871932034,-0.0017209380865097022
12.444030181072007,-8.124203722608549,0.0001882749795913722
12.582918106939646,-8.1247499544139,-0.0039328759908676125
12.721807008343957,-8.124915446720568,-0.001191543936729429
12.860691828200336,-8.125993006213717,-0.0077584999799728376
12.999563530641076,-8.128184941935936,-0.01578257977962494
13.138443089837725,-8.129804311672785,-0.011659716963768005
13.277329055318562,-8.130722414856312,-0.006610385775566101
13.416215677305129,-8.131535159687548,-0.005851791501045226
13.555104481866667,-8.131768158543082,-0.0016775912046432485
13.693992963656372,-8.13214756222087,-0.0027317076921463002
13.83287722097443,-8.133295338423569,-0.008264076113700867
13.971748790236973,-8.13549569556698,-0.015843221545219423
14.110605233683865,-8.13850275963019,-0.021652535796165467
14.249476384327034,-8.140729380397685,-0.01603234350681305
14.388352953045613,-8.14258760050139,-0.013379573225975038
14.527237889347505,-8.143650045520937,-0.007649672627449037
14.666125141503688,-8.144346830641936,-0.00501686990261078
14.805008570915387,-8.145590758230608,-0.008956391215324402
14.943891783949999,-8.146858613972574,-0.00912868082523346
15.082772836521597,-8.148344399153881,-0.010697848796844482
15.221658820258467,-8.149259736491572,-0.006590471267700195
15.360547090531458,-8.149709960409838,-0.0032416152954101557
15.499433074982456,-8.150625189385241,-0.0065896910429000845
15.638317680491017,-8.151730030428594,-0.007954933047294615
15.777201449692907,-8.152935423840036,-0.008678934574127196
15.916086053214439,-8.154040514635703,-0.00795673131942749
16.05497209429414,-8.154947109477618,-0.0065275239944458
16.193860218015303,-8.155440475685474,-0.0035522413253784176
16.332749028066342,-8.155670178985575,-0.001653863191604614
16.471637923168007,-8.15584087883451,-0.0012290382385253902
16.610525176661668,-8.15653739731065,-0.005014950037002563
16.749407710122384,-8.157877628832896,-0.009649809002876281
16.8882856680122,-8.159628952147893,-0.012609851956367492
17.027168607030013,-8.160926477012517,-0.009342307448387144
17.166054834213217,-8.161804098693958,-0.006318913102149962
17.30494380199096,-8.1618987064831,-0.0006811755895614604
17.443832348159148,-8.162253761811945,-0.002556399106979368
17.58272127118905,-8.162107540766396,0.0010527908802032493
17.72161026984886,-8.162088246313587,0.00013891994953155737
17.860499268125814,-8.162066368825231,0.00015751779079437476
17.999384831300457,-8.161089300423441,0.007034944891929629
18.138273519783848,-8.161383464261972,-0.002117979526519773
18.27716228142365,-8.161126148965003,0.0018526697158813502
18.416051280768134,-8.161112654959357,9.715676307678485e-05
18.554938547041782,-8.160418689518892,0.004996567964553836
18.693827452562303,-8.160580690483126,-0.0011664062738418555
18.832716079270934,-8.16090270288996,-0.002318489551544187
18.971602008713596,-8.161826241653618,-0.006649522781372068
19.110490747274927,-8.162095726054506,-0.0019402873516082744
19.249375781634644,-8.163145274481508,-0.007556814551353453
19.38826264586335,-8.163915511923314,-0.00554573357105255
19.527151640069555,-8.163955629109369,-0.0002888435125350938
19.666039187857606,-8.163320498869682,0.0045729500055313125
19.80492781380214,-8.162998157065024,0.0023208612203598038
19.943816489734708,-8.163298188227044,-0.002160224318504332
20.082704694671282,-8.163768135560948,-0.0033836245536804184
20.22159285543685,-8.163285310377859,0.003476345539093019
20.360479162347985,-8.162420397905242,0.006227405071258546
20.49936809840028,-8.162287119018693,0.0009596073627471937
20.638256331695995,-8.16274860899099,-0.003322731256484984
20.7771438791153,-8.163383819861735,-0.0045735305547714225
20.91603269750514,-8.163159215156764,0.0016171532869339
21.054921081130676,-8.163572996362962,-0.00297922670841217
21.193809714746823,-8.16389201554601,-0.002296938300132751
21.332697999711048,-8.164337684364915,-0.0032088184356689445
21.471586358905228,-8.164759586425356,-0.0030376970767974844
21.610474143375082,-8.165340659618323,-0.004183735847473144
21.74936231027479,-8.165821717036218,-0.00346361756324768
21.88824626548269,-8.167005485092288,-0.008523226380348206
22.027133872904443,-8.16762743819396,-0.004478073716163636
22.166018736708654,-8.168699318357797,-0.007717607617378236
22.304902739032663,-8.169877545612968,-0.008483331203460695
22.44379141905804,-8.170175676134763,-0.002146539688110353
22.5826787023991,-8.169485134941345,0.00497191309928894
22.7215672070287,-8.16985608339322,-0.002670829892158509
22.86045495841825,-8.169267156441064,0.004240283370018005
22.999343490561063,-8.169627656392146,-0.0025956004858016975
23.13823239699014,-8.169788876535437,-0.0011607843637466437
23.277121390823588,-8.16983026412923,-0.00029799044132232725
23.416010325227894,-8.169695278810801,0.000971893668174743
23.554896663339143,-8.168835390999677,0.006191226840019225
23.693779427099503,-8.167519240824346,0.009476415514945984
23.832658968141306,-8.165898314848642,0.011670922636985779
23.97153325497961,-8.163876737209149,0.014555861353874206
24.110404670915617,-8.161666724329432,0.01591275155544281
24.249272702069824,-8.1592533772026,0.017376959919929505
24.38814298948094,-8.156973553666846,0.016415453553199767
24.527009082795736,-8.154451164226924,0.018162187933921815
24.665871801798033,-8.151749388461008,0.019453997015953066
24.804752284552603,-8.150211262699699,0.011074723005294801
24.943640834175604,-8.149857561386378,0.002546650171279908
25.082528796308445,-8.150394493026376,-0.0038659143447875967
25.22141680207317,-8.150920017239525,-0.0037837803363800038
25.360305713068165,-8.151077254715782,-0.001132109165191649
25.49919376494888,-8.15159044647315,-0.0036949861049652088
25.638076638045273,-8.15289500827358,-0.009392975568771361
25.776964206126948,-8.15352568517835,-0.004540885686874389
25.915852535310965,-8.15395735342154,-0.003108013868331908
26.054735816034118,-8.155217772627193,-0.009075135588645934
26.19362307151623,-8.155913894488759,-0.005012094378471373
26.332511793554545,-8.155636024800117,0.002000661492347719
26.471400721445526,-8.155494496379816,0.0010190039873123186
26.610289503537587,-8.155248467957891,0.001771404147148134
26.74917704646911,-8.155884659315557,-0.004580590128898619
26.88806255090903,-8.156870041205487,-0.007094803452491759
27.02694749890716,-8.157930956167611,-0.007638655900955199
27.165836327270554,-8.158149306444258,-0.0015721213817596422
27.30472506777888,-8.157880827373964,0.0019330489635467542
27.44361327789966,-8.157412414686565,0.0033725750446319596
27.58249998480716,-8.1566143135714,0.005746355056762697
27.721388737716282,-8.156352328172154,0.0018862944841384903
27.860276360884896,-8.156970754863584,-0.004452683329582213
27.99916164047668,-8.157987334280987,-0.007319431304931639
28.138047802734842,-8.158875171089763,-0.006392463445663451
28.276931402849947,-8.160099891493713,-0.008818094134330748
28.41581774798953,-8.160958643360482,-0.006183047890663146
28.55470270339673,-8.162018587953385,-0.007631669044494628
28.69358742932584,-8.163108186317375,-0.007845182418823241
28.832474780306118,-8.163784986643272,-0.004872977733612059
28.971363734606857,-8.163672317892297,0.000811214447021486
29.110251872566174,-8.163182976300545,0.0035232639312744157
29.24914012882453,-8.162728449608583,0.0032725954055786146
29.388028468592463,-8.162300200257613,0.003083397746086122
29.52691713411372,-8.161995387651613,0.0021946507692337048
29.66580507229186,-8.161452295002592,0.003910273909568788
29.804692751395248,-8.160846560510459,0.0043612986803054825
29.943579883574788,-8.160126257836268,0.005186198353767397
30.0824679303713,-8.15961169195179,0.0037048798799514788
30.22135672405442,-8.159372296363026,0.0017236477136611957
30.36024551644989,-8.159132154888875,0.0017290180921554583
30.499131677843287,-8.160020126964424,-0.00639343738555908
30.63802036347695,-8.159724620698789,0.002127645015716555
30.776909342064688,-8.159647498356748,0.0005552804470062276
30.915796434393084,-8.160375444483801,-0.005241231918334959
31.05468330495401,-8.161144539271527,-0.0055375063419342025
31.193565684033373,-8.162500674314883,-0.009764319658279418
31.33244915345884,-8.16374012634951,-0.008924165964126585
31.471327201748878,-8.16548426629497,-0.012558127641677855
31.61021429677858,-8.166211696848508,-0.005237519741058349
31.749101009276014,-8.167008824601984,-0.005739346742630004
31.887987785828287,-8.167794712583103,-0.0056584191322326645
32.026876521939506,-8.167523968373194,0.0019493579864501972
32.165765504327176,-8.16745402326296,0.0005036044120788593
32.304654503967804,-8.167464014499526,-7.193684577941708e-05
32.44354349410294,-8.167411667176319,0.0003769004344940204
32.58243245146971,-8.167520490763579,-0.000783529281616209
32.72132121569979,-8.167776404110903,-0.0018425756692886336
32.86020943108355,-8.1682432536741,-0.0033613204956054674
32.9990979280172,-8.16786943485268,0.0026914966106414808
33.13798493813988,-8.167125969868268,0.0053529691696167
33.27687260141845,-8.166516617737052,0.004387345910072327
33.41576039201574,-8.165937010972288,0.004173177480697633
33.554648438815626,-8.16542244599843,0.003704873323440553
33.69353742733649,-8.1653659778389,0.0004065704345703135
33.83242577517024,-8.165791603271249,-0.0030645054578781116
33.97130753922169,-8.167209325020297,-0.010207765698432921
34.1101857248055,-8.168942498396156,-0.012479162216186522
34.2490580603225,-8.171093951173585,-0.0154910671710968
34.38792652586177,-8.173482172219996,-0.017196025252342224
34.5268102484703,-8.17469292215218,-0.008717502951622009
34.66569426968666,-8.175868920354697,-0.008467281460762024
34.804577215614245,-8.177165705408344,-0.00933698058128357
34.9434655647896,-8.177590892831043,-0.0030613517761230473
35.08235224173316,-8.17839419138902,-0.005783777236938477
35.22123619761064,-8.179577880885647,-0.008522660732269288
35.36012110622534,-8.180643939085241,-0.007675688266754152
35.49900512932498,-8.18181971485433,-0.008465679883956911
35.63789394239248,-8.18204758696831,-0.0016406786441802998
35.77678265259504,-8.181763863034638,0.0020428121089935284
35.9156716398386,-8.181823389990821,-0.00042859375476837335
36.05455995839863,-8.182258463052708,-0.0031325286626815814
36.193446164190796,-8.183139463424654,-0.006343240141868593
36.33233056334117,-8.184269947232039,-0.008139566779136659
36.471214601553655,-8.185443936497176,-0.008452816605567933
36.61010263286171,-8.185962666071752,-0.0037348586320877083
36.74899121368009,-8.186303898039652,-0.002456870675086976
36.88787966136883,-8.18669558619722,-0.0028201562166213995
37.02676828001208,-8.187021058729837,-0.00234340250492096
37.16565727600532,-8.187054420220944,-0.0002402025461196904
37.304545548100904,-8.187504081540093,-0.003237564563751221
37.443434129620485,-8.187845027985821,-0.0024548149108886723
37.58232250944895,-8.188260081746538,-0.002988389134407044
37.721209394751234,-8.189026509844512,-0.005518305897712707
37.86009407822668,-8.19012150615709,-0.007884048819541932
37.99897470783934,-8.191646314142352,-0.010978829264640808
38.1378561407242,-8.193096114420849,-0.010438743233680724
38.276736322370965,-8.194661191659293,-0.011268785595893858
38.415615300676365,-8.196329635799513,-0.01201307713985443
38.55449685770128,-8.197767495088717,-0.010352763533592223
38.69337974533522,-8.199070508311575,-0.009381825327873228
38.832263936880516,-8.200226215804868,-0.008321183323860167
38.97115201475073,-8.200732324999557,-0.0036439913511276236
39.11004089698509,-8.200551458502272,0.0013022381067276014
39.24892850645243,-8.199929962365328,0.004474783539772036
39.38781428425742,-8.198983894448883,0.00681173622608185
39.526698407546,-8.197820013284858,0.008380035758018496
39.66558368930427,-8.196803729896166,0.007317299842834475
39.80447175643521,-8.196294682126979,0.0036651492118835475
39.943355091773036,-8.195040295248466,0.009031701087951663
40.082243129341876,-8.194523244693292,0.0037227696180343658
40.22113212184588,-8.194477613328388,0.00032854557037353786
40.36002111131175,-8.194423519422251,0.00038947582244873316
40.49890951257279,-8.194831338198462,-0.0029362970590591404
40.63779822515981,-8.19511389247526,-0.002034390568733213
40.776686552644094,-8.195546107257723,-0.003111948966979978
40.915573890168915,-8.196225663191598,-0.004892818331718443
41.05446151305147,-8.196844154123003,-0.00445314586162567
41.19334957796464,-8.1973538066274,-0.0036695033311843856
41.33223806248795,-8.197732208287809,-0.0027244931459426865
41.471126569484056,-8.197362146949283,0.0026644426584243788
41.61001550701161,-8.197493879508688,-0.0009484738111495959
41.74889937668369,-8.198687640753228,-0.00859517991542816
41.88777873555928,-8.200324100133766,-0.011782770752906797
42.026665640482236,-8.201086964421847,-0.0054926460981369
42.16555445412695,-8.200859444389001,0.0016381436586380025
42.30444297785733,-8.2004957178482,0.002618831992149355
42.443330550843086,-8.199866121846846,0.004533103108406069
42.58221885496924,-8.199426465206834,0.00316553056240082
42.721103105826934,-8.198277907547094,0.008269702792167665
42.859991921363495,-8.198051545333854,0.0016298073530197155
42.99888035633827,-8.197655374590305,0.0028524309396743787
43.1377604030309,-8.196078367408116,0.011354686617851259
43.2766410196164,-8.194552373361015,0.010987369418144228
43.41552462649275,-8.193328419923757,0.008812571763992312
43.55441111902902,-8.192493846996244,0.006008956432342532
43.69329859329682,-8.191842838153915,0.004687277078628542
43.83218705427583,-8.191455891282653,0.0027860188484191916
43.971075261156855,-8.190986518965175,0.0033794844150543237
44.10996363378201,-8.190569061738813,0.003005694150924685
44.248852085980204,-8.19017897586493,0.0028086197376251242
44.38774094335026,-8.18997992953954,0.0014331328868865988
44.52662962969898,-8.189684759542951,0.0021252238750457788
44.66551828683657,-8.18937615054122,0.0022219848632812522
44.80440660954748,-8.188942404587875,0.003122973442077639
44.94329397868074,-8.188269339776403,0.004846081733703616
45.08218020818865,-8.187392086063811,0.006316263675689699
45.221068616425306,-8.186986649892185,0.00291914224624634
45.35995700474,-8.186574445637053,0.0029678726196289084
45.498845939697006,-8.186440030205445,0.000967790484428408
45.63773370178183,-8.185853630966326,0.00422208368778229
45.77662226301242,-8.185504517378385,0.0025136184692382837
45.91550915703702,-8.184739671512602,0.00550691366195679
46.054391646425174,-8.183394880692745,0.009682637453079228
46.19328006665079,-8.182993572542586,0.0028894203901290933
46.332168980149675,-8.183148582543222,-0.0011160713434219321
46.47105796481678,-8.18321384462922,-0.00046988666057586276
46.609946773768044,-8.182983477317197,0.0016586440801620523
46.74883563838478,-8.183177401203888,-0.0013962513208389243
46.88772441993744,-8.183423733940405,-0.0017735952138900717
47.02661311599829,-8.183714298077408,-0.0020920616388320885
47.1655019728657,-8.183913694828359,-0.0014356559514999351
47.30439090270266,-8.184053300501606,-0.0010051602125167808
47.44327987654025,-8.184138549197016,-0.0006137901544570884
47.58216887610199,-8.184127515623395,7.944166660309225e-05
47.72105767214528,-8.18388949325849,0.0017137604951858558
47.85994665950714,-8.183948743549585,-0.00042660176753997426
47.99883565941416,-8.183943661504495,3.659069538116831e-05
48.13772331511069,-8.18333258366852,0.004399771094322208
48.27661213914565,-8.18311149729156,0.0015918213129043615
48.4155009880129,-8.182906603834805,0.0014752322435379064
48.55438576097054,-8.181823016502868,0.007801901698112491
48.693267801290766,-8.180432621777666,0.010011001229286198
48.83214916872411,-8.178976565170071,0.010483791232109074
48.97103052866757,-8.177519794338851,0.010488933920860295
49.10990568023917,-8.175558520017129,0.014121633172035221
49.2487810429102,-8.173612250768064,0.014013586044311526
49.38766808264592,-8.172874338544066,0.00531298875808716
49.526556254937766,-8.17239484044183,0.00345239043235779
49.66544463708607,-8.171980563691044,0.002982794642448427
49.80433334060046,-8.171693584437406,0.002066250443458559
49.943222312440255,-8.171605140765537,0.0006367939710617083
50.08211122236853,-8.17176331767737,-0.00113887310028076
50.221000023336195,-8.171998449053316,-0.0016929453611373884
50.35988866146829,-8.17231549607127,-0.0022827386856079084
50.498777287827714,-8.172637659062332,-0.002319573760032652
50.63766547337789,-8.172162016781414,0.0034246283769607563
50.77655353123748,-8.171650445681161,0.0036833173036575338
50.91544250206842,-8.171740459688,-0.0006481003761291486
51.05433128682182,-8.171984981106966,-0.0017605537176132184
51.193219426351654,-8.171496085471448,0.0035200530290603656
51.33210684730755,-8.170833800623532,0.0047684651613235495
51.47099403207935,-8.17012371107798,0.005112662911415102
51.60988219954354,-8.169642816661385,0.003462443947792055
51.74877061616412,-8.169240262778368,0.0028983896970748916
51.88765708744402,-8.168402159909729,0.006034372448921205
52.026546044434134,-8.16829285667041,0.0007869827747344991
52.16543428227659,-8.168752976239029,-0.0033128643035888654
52.30432268859146,-8.168346882266203,0.0029238784313201927
52.44320230480127,-8.166732409468018,0.01162445664405823
52.58208221229556,-8.165143190988323,0.011442613601684573
52.72096624619173,-8.163968691210684,0.008456492424011232
52.859852453898675,-8.163087992746991,0.006341066360473635
52.99873994761355,-8.16244114608802,0.0046573090553283705
53.13762816850253,-8.161975937217528,0.003349507451057435
53.27651704087648,-8.16178765101878,0.0013556599617004406
53.41540600191193,-8.161891687026094,-0.0007490587234497059
53.55429472687421,-8.161615282699342,0.0019901108741760265
53.693183064346165,-8.161186289369455,0.003088754415512086
53.832071798609476,-8.160914598854074,0.001956171393394471
53.97096018397747,-8.161327794777899,-0.00297501266002655
54.10984783495891,-8.161939943335565,-0.004407480359077454
54.2487367406657,-8.161778102144911,0.0011652559041976929
54.387624471144754,-8.16118426430732,0.004275642037391662
54.52651275614325,-8.160738606167534,0.003208741545677185
54.6653971850995,-8.15961179008002,0.008113158345222474
54.80427831402984,-8.158133159620661,0.010646331906318666
54.94315656871428,-8.156405532113745,0.012439228892326357
55.082037008747804,-8.154863553808203,0.011102463006973269
55.22091767374657,-8.153341972229581,0.010955597758293155
55.35980640750439,-8.153070023427693,0.0019580310583114657
55.4986891907675,-8.151755932833288,0.00946158587932587
55.637559892769346,-8.149501504631967,0.016232582926750186
55.7764359419405,-8.147604852947524,0.013656305670738222
55.91531564937305,-8.145998246446409,0.011567815542221072
56.054199856707704,-8.144844437959206,0.008307510018348696
56.193066668649216,-8.142361926690175,0.017875018715858462
56.33194056692928,-8.140313830623743,0.014746814370155337
56.47082215203656,-8.138878686348619,0.010333214402198795
56.6097076116996,-8.137887013425535,0.007140100002288822
56.748595962722675,-8.137462429994226,0.003057003021240238
56.887484814083265,-8.137665626291978,-0.0014630126953124965
57.026370806276745,-8.138579679590316,-0.006581225991249081
57.16524812903432,-8.140380663957039,-0.01296744048595428
57.30411460948712,-8.14288164929301,-0.01800805330276489
57.44296068622067,-8.146334372377954,-0.02486214756965637
57.58176673198871,-8.151133953530808,-0.034563838243484496
57.7206136473142,-8.154552787483231,-0.024618071317672727
57.85948690991996,-8.15664354194833,-0.015053988695144651
57.99837376376921,-8.157415648713489,-0.00555919289588928
58.13726188784616,-8.156922382673999,0.003551520109176637
58.27614892751502,-8.157660307481033,-0.005313079357147216
58.415031185251436,-8.15902881288318,-0.009853390455245971
58.553912379561055,-8.160501289753698,-0.010602023601531983
58.69279558544075,-8.16176992901635,-0.00913432240486145
58.83167588448995,-8.163324553410009,-0.011193520426750182
58.97055242431922,-8.16518493134134,-0.013395110964775084
59.10942885910196,-8.167053134498175,-0.013451457619667052
59.24828738805643,-8.169962302351738,-0.020947523713111878
59.38716785241844,-8.171502087919047,-0.011086674332618713
59.5260566682083,-8.171728294663588,-0.0016286879777908329
59.66494156141165,-8.17066023057694,0.007690131068229675
59.80381784370574,-8.168780726074583,0.013532834649085997
59.942678915364084,-8.165995569185883,0.020054457783699034
60.08155963607938,-8.16447908159973,0.010918918848037718
60.22042826893094,-8.162100609203588,0.01712582468986511
60.35929376103144,-8.159545335307088,0.018398995399475097
60.498153664416684,-8.15670252809603,0.020469624996185303
60.63701486772017,-8.153923942465129,0.020007135272026064
60.77587670034815,-8.151176987751647,0.01977934777736664
60.91475501059571,-8.149453832569487,0.012407025694847107
61.05363297308226,-8.147702873807546,0.012607226967811585
61.19251017726323,-8.1458927688724,0.013033114075660707
61.33138270329869,-8.143753649069547,0.01540225923061371
61.470268992636285,-8.142885919253825,0.006247690320014956
61.60914246342114,-8.140809038619842,0.014954085946083072
61.74798835760932,-8.137348982538628,0.024914961457252506
61.88679367898599,-8.132528497239278,0.034714438319206245
62.0255441027984,-8.126325738750019,0.04467468440532685
62.16422620435602,-8.118747544468942,0.05459006488323212
62.3028291715693,-8.109838459180596,0.06418943345546722
62.441348867209385,-8.099716787343453,0.07294063985347748
62.57977788205595,-8.088422444971723,0.08140909254550935
62.71809111573701,-8.07578900879274,0.09108656942844393
62.856368591785504,-8.062770025012941,0.0938744240999222
62.99466382817411,-8.04994107676222,0.09250020682811738
63.13296628861987,-8.0371902432346,0.09193538129329683
63.27123379966121,-8.024065849479754,0.09463675916194918
63.409373244802346,-8.009655852356264,0.10393894255161287
63.547363917461745,-7.993884721134705,0.11379750549793245
63.68520288559391,-7.976838513777618,0.12304282844066622
63.822893857475066,-7.958635476024991,0.13143990933895114
63.960399478282724,-7.939081484941317,0.1412579268217087
64.09779516670719,-7.91876944114049,0.14677300274372104
64.23505396869106,-7.897552099201587,0.15336524784564975
64.37212827558042,-7.875173790244007,0.1618291193246842
64.50901692630639,-7.851686525111038,0.1699247401952744
64.6456933990011,-7.826994499419905,0.1787325352430344
64.7821478018584,-7.801103376194777,0.1875128668546677
64.918500492917,-7.774681832672914,0.19140147268772129
65.05477336470912,-7.7478516493986405,0.19439927995204928
65.1909473896138,-7.720524204178475,0.19804961621761324
65.3269688685554,-7.692447317108503,0.2035562461614609
65.46295805735066,-7.664214448819845,0.2047031217813492
65.59908054327471,-7.636631426018551,0.1999268162250519
65.73523962758709,-7.60922963629205,0.1985955983400345
65.87133025496357,-7.581489855087513,0.20107854902744296
66.0073700692019,-7.5535019422857035,0.20290217101573946
66.14335693482151,-7.525257886274688,0.2047853916883469
66.27927594807045,-7.496689089337539,0.20717401802539828
66.4152585340112,-7.4684244357598475,0.20493686139583592
66.55106919143924,-7.439344895702235,0.21093321382999425
66.6866367197391,-7.409152188111394,0.21913697779178623
66.82228802947076,-7.379338156363115,0.21634457886219027
66.95806378181635,-7.350096073742569,0.21213019967079166
67.09358953587166,-7.319716404410281,0.22051629424095157
67.22885157786436,-7.288183337370023,0.22903507351875307
67.3639751865009,-7.256062242898643,0.23338461279869083
67.49892997298849,-7.223239081486501,0.23858358740806582
67.63377242477372,-7.189957442140666,0.2419822692871094
67.76858551550619,-7.156557069565481,0.2428628981113434
67.9031915102741,-7.1223316332126405,0.24898764014244082
68.03752853364547,-7.0870652402482675,0.25672869563102724
68.17186373356914,-7.051791902123473,0.2567803955078125
68.30632657750792,-7.017008315176515,0.25313639104366303
68.44098161525388,-6.982976342993952,0.24755063951015474
68.57564684857999,-6.948984737350457,0.24725087344646454
68.71026505554022,-6.914807366535658,0.2486305731534958
68.84487860106961,-6.880611640472212,0.24876692593097688
68.97948809880317,-6.846399983965701,0.24888526976108552
69.11386595954913,-6.811289517401748,0.25556816160678864
69.2483537835491,-6.776602639237904,0.2524172347784042
69.38292639091586,-6.742246159972513,0.24996129035949705
69.51761351169114,-6.708341384228307,0.24660614252090451
69.65238795296965,-6.674785396699046,0.24401736497879026
69.78721255650217,-6.641431527308877,0.24251796722412106
69.9220222253078,-6.6080173459255835,0.24296532869338985
70.05687826247544,-6.574790796895596,0.24157373666763302
70.19180849623815,-6.541866849110776,0.2393304711580276
70.32679209178877,-6.509162365423859,0.23770429253578182
70.46178879276763,-6.476512020160384,0.23730323791503902
70.59691398339966,-6.4443975813881025,0.23333535671234126
70.73203396291764,-6.412261224157407,0.2334975683689117
70.86713244939172,-6.380034631513876,0.23416543841361995
71.00218532131042,-6.3476174122082325,0.23557669639587397
71.13714634592458,-6.314819909923827,0.2383934605121612
71.27211273150773,-6.282044475775405,0.23822994887828822
71.40713314972253,-6.249492348562258,0.23657574295997613
71.54225855408775,-6.217378809110264,0.23332870125770563
71.67750151751892,-6.1857640156844536,0.2296393239498138
71.81254322532278,-6.153300320971504,0.23592083811759942
71.94786280227653,-6.122015078219399,0.22720328450202937
72.08333498587619,-6.091397406986255,0.22227277874946588
72.21907774155837,-6.062002533269734,0.21325565576553338
72.35476869501487,-6.032369452581698,0.2150108313560485
72.49017169015218,-6.001447240033986,0.22452135086059563
72.62582935985878,-5.971662160366916,0.21613115370273583
72.76149024991143,-5.941891751718034,0.2160230076313018
72.89721229371575,-5.9124013948775955,0.2139591217041015
73.03290211514197,-5.882763131056572,0.2150490295886993
73.16857938989031,-5.853067484273573,0.2154719471931457
73.30431976392244,-5.823661614474861,0.21333666324615472
73.44005214886178,-5.7942188904216,0.21360817670822138
73.57587363560043,-5.76518997275139,0.21056048631668087
73.71197387151821,-5.7374973725823235,0.20073187291622158
73.84833211659658,-5.711104507634635,0.19119115054607388
73.98485953702897,-5.685601217825678,0.18467140913009641
74.12113226429908,-5.6587703005218195,0.19440466642379758
74.25713060112113,-5.630581531434936,0.20437884807586668
74.39301012526951,-5.60182550183748,0.20855174899101256
74.52902322277967,-5.573708040595553,0.20385454773902892
74.6651611798224,-5.5462014782288875,0.19936514496803281
74.8014272292823,-5.519336666939889,0.1946533942222595
74.93780773651626,-5.493059080147961,0.19034581303596493
75.07424349987829,-5.467069913235149,0.18823142468929288
75.21067894043352,-5.441079051735421,0.18824384510517117
75.34712616479112,-5.415150124142728,0.18778992176055906
75.48353821273942,-5.38903676557757,0.1891417610645294
75.61998883480064,-5.363125724299616,0.18765883743762968
75.75641703141545,-5.337096865518872,0.18852235257625577
75.89291104915108,-5.311415404435345,0.18597659051418303
76.02946447702587,-5.286051736391347,0.18364884197711942
76.16626355085846,-5.262048242488471,0.17369712829589842
76.30328732231744,-5.239362555896344,0.16407194793224333
76.44053096571122,-5.218047381278206,0.15407804787158966
76.57798013047056,-5.1981004158960085,0.14411638975143432
76.7156186833603,-5.179505172433783,0.13428889870643615
76.853429234078,-5.162230727959781,0.12469882309436797
76.99131357748298,-5.145555531865579,0.12035164475440978
77.12935382785453,-5.130224400193071,0.11060946285724639
77.26753682744484,-5.1162382304091985,0.1008713161945343
77.40583770679306,-5.103470259054715,0.09205929756164549
77.5442196332715,-5.0916129092193945,0.08547689914703367
77.68268867208573,-5.0808203371968155,0.07778487205505369
77.821188873033,-5.070435316322096,0.07484193980693815
77.95971408921224,-5.060389481190479,0.0723931711912155
78.09827292112729,-5.050818461425817,0.06896594464778898
78.23684447925984,-5.041433494845444,0.0676232326030731
78.37547038251257,-5.032888714663194,0.061561244726181005
78.5140464153111,-5.0235700530198395,0.06714475154876706
78.65264749117367,-5.014631591701518,0.06440137863159177
78.79123246871232,-5.005446913067552,0.06617792725563047
78.9298099211586,-4.996149386810501,0.06699223399162291
79.06839008303976,-4.9868923325279635,0.0667001837491989
79.20698946700627,-4.977927674971579,0.06459038436412809
79.34559096943075,-4.968995830443347,0.06435363888740538
79.4842271614451,-4.96061963890084,0.060345149040222146
79.62293238635726,-4.9534771671251585,0.05144844949245451
79.76169820268329,-4.947628873325291,0.04212013483047483
79.90051400105453,-4.943120165799316,0.03246837258338926
80.0393612210805,-4.939713728941983,0.024528785347938516
80.17823038180909,-4.937366279360427,0.016902428269386267
80.31711567022886,-4.936350906740189,0.0073107421398162595
80.45600451821785,-4.936556394670317,-0.0014795124530792483
80.59488538543374,-4.938059405769504,-0.010821882486343408
80.73375031397198,-4.940645124832106,-0.018618237972259546
80.87259747138353,-4.94405411291265,-0.02454715967178347
81.0114357785588,-4.947806283178571,-0.027018891572952293
81.15029888287059,-4.950488182113057,-0.019310857057571434
81.28917693828481,-4.952231754699685,-0.012554042339324974
81.42806332114377,-4.953084384370108,-0.006138967275619529
81.56695227390586,-4.953198934145206,-0.0008247578144073711
81.70584039434567,-4.95369322322655,-0.003558886051178001
81.84472728108261,-4.952927055150089,0.0055164337158202905
81.98360044712823,-4.950829896723152,0.01510010242462156
82.12245018064712,-4.94752750020995,0.0237794768810272
82.2612682379042,-4.943088885519515,0.0319634425640106
82.40012089544813,-4.939911809191962,0.022876926660537696
82.53899648429378,-4.937981746039562,0.013896890878677345
82.67788344527612,-4.937229157116401,0.005418662428855872
82.81676327510048,-4.935633165588222,0.011491382718086219
82.95564657649861,-4.934375026582248,0.00905871748924253
83.09453270354106,-4.933481697893458,0.006432005763053869
83.23342112297587,-4.933883279644571,-0.002891390323638941
83.37230165870362,-4.935416614888818,-0.01104022920131686
83.51116348544024,-4.938163867401925,-0.019781492352485684
83.64999898494153,-4.942018526819241,-0.02775708973407748
83.78880668766472,-4.946769946155712,-0.03421686828136447
83.92756041766796,-4.952898300844012,-0.04413844883441928
84.06624621984639,-4.960408466962308,-0.054099538326263456
84.20485052806563,-4.969296664983549,-0.06403873562812808
84.34336056896035,-4.979549610528291,-0.07388836264610293
84.48176585119293,-4.991131154946875,-0.08348399400711062
84.62006236031964,-5.003946375755214,-0.0924009454250336
84.7582448139201,-5.0179379388542245,-0.10091034650802616
84.89629706404222,-5.033160637603833,-0.10982398033142093
85.03426576504829,-5.0491228386957205,-0.11518227338790897
85.17223216091249,-5.065104951611156,-0.11532659590244297
85.31023339965233,-5.080783358011977,-0.11312556684017186
85.44825064403523,-5.09632023588211,-0.11210006654262547
85.58624776983775,-5.112034802094466,-0.11338759601116184
85.72417962581724,-5.128312315020337,-0.11746796429157261
85.86202040963084,-5.145343833997034,-0.12293626725673679
85.9997538114086,-5.163222993813092,-0.12908806383609775
86.13736487841234,-5.182020561716693,-0.13575901448726657
86.27512128432157,-5.199721605526888,-0.12779497802257542
86.4127758113958,-5.218198225806883,-0.13342710316181186
86.55052316690073,-5.2359695615023005,-0.12830525696277623
86.6881105076204,-5.254940012068649,-0.1370154362916947
86.82559672809089,-5.274629946089369,-0.14224663197994236
86.96316459767137,-5.293741083682139,-0.1380380374193192
87.10062764231282,-5.31359217128216,-0.14341887414455418
87.23809891873977,-5.333386172356824,-0.14300360023975375
87.37546698663819,-5.353884178183162,-0.14812661647796635
87.51279213425755,-5.374667781150858,-0.15020600557327274
87.65011814735642,-5.395445664762254,-0.15016435742378237
87.78735445190627,-5.41680803903347,-0.15442196846008302
87.92454243343866,-5.4384785730386165,-0.15666783094406128
88.06163332732825,-5.460755043440165,-0.16108622014522553
88.19873396537261,-5.482971464592781,-0.16064821064472198
88.3359031089623,-5.504760920021349,-0.15753474056720734
88.47317418148752,-5.5258987290084685,-0.15278583586215974
88.61057313008394,-5.546188707953714,-0.1466124111413956
88.74807143686847,-5.565794063150329,-0.14163147866725923
88.88537208199466,-5.58673892335358,-0.15138038337230683
89.02250757498031,-5.608739170729105,-0.1590716588497162
89.15944494590813,-5.631940695773264,-0.1678377217054367
89.29620575742477,-5.656161239828046,-0.175283984541893
89.43285861606107,-5.680983619801124,-0.17968636095523835
89.56940096295143,-5.706406873461364,-0.18408521354198457
89.70591070161629,-5.732004638415573,-0.18536344051361084
89.8422848988378,-5.75831495299347,-0.19058579266071318
89.9786069089182,-5.784894341410818,-0.19255922496318817
90.11489025388605,-5.811671275614993,-0.19400854170322418
90.25109637965696,-5.838838270728152,-0.1968714827299118
90.38721968908746,-5.866417229205357,-0.19989695847034455
90.52319079642298,-5.894737050725862,-0.2053425770998001
90.65907483124192,-5.923471758003364,-0.20839483082294463
90.79482665175532,-5.952824739935379,-0.2129470545053482
90.930460440035,-5.982718381364595,-0.2169314867258072
91.06612852407332,-6.012455988772922,-0.21578122556209564
91.20157162684117,-6.043202049229806,-0.223220596909523
91.33675264196346,-6.075080685830311,-0.23159065306186677
91.47202937768532,-6.106550657127383,-0.22856862843036652
91.60760448338965,-6.136709321458852,-0.21888586819171907
91.74333989188949,-6.166138103295373,-0.21350545942783358
91.87928201290117,-6.194596740926945,-0.20636360943317417
92.01533948367293,-6.2224986936935505,-0.2022703379392624
92.15140712699794,-6.2503509963089625,-0.2019054311513901
92.28741702130675,-6.27848394800451,-0.20396843850612642
92.42336037071313,-6.306936717169824,-0.20632044076919556
92.55902591598475,-6.3366859045058765,-0.21586658120155336
92.69440505388329,-6.36771239871402,-0.22529157638549807
92.82953197729299,-6.399819545750623,-0.23328139424324038
92.96445665678301,-6.4327662479454135,-0.23949911296367649
93.09905717260395,-6.467013225355661,-0.24914767384529118
93.23388069258053,-6.500371474442298,-0.24255045175552373
93.36889035048041,-6.532968201191387,-0.23690607309341435
93.50393592915539,-6.56541578972029,-0.23580157160758977
93.63898416635459,-6.597852311580502,-0.23571962475776678
93.77406631142182,-6.630147332946574,-0.23467197895050054
93.90919778387718,-6.662235328724577,-0.23313966870307928
94.04436291498516,-6.694181246359864,-0.23208839297294623
94.17944805709207,-6.726463729271703,-0.23457915902137763
94.31454605792035,-6.758692357743941,-0.2341805076599122
94.44960602139562,-6.791080018774914,-0.23535783767700202
94.58452660546803,-6.824043488170025,-0.23962338566780098
94.71976396298005,-6.855682253224398,-0.22981657624244697
94.85526382862697,-6.886177182813876,-0.22136684298515327
94.99103148647269,-6.9154568242749335,-0.21240683197975166
95.12701074959054,-6.943737459397328,-0.20505438923835761
95.26289172262744,-6.972486641777785,-0.20850135743618017
95.39877061895925,-7.001245637807713,-0.20857358038425453
95.53474239699749,-7.0295622389123595,-0.20531889259815223
95.6708331368054,-7.057301468525591,-0.20107449591159826
95.80711782309706,-7.084071575051034,-0.19395844280719762
95.94351562773646,-7.110259228831992,-0.18968642771244054
96.08013361601542,-7.1352728171313915,-0.18108576595783238
96.21699323088049,-7.158928686170285,-0.17115655720233922
96.35366648865426,-7.183638500627423,-0.17886268913745884
96.49015761274218,-7.209335336351224,-0.1860892313718796
96.62648888116183,-7.235867195918351,-0.19221058547496797
96.7626838758855,-7.263089938859176,-0.19728078961372378
96.89876113137788,-7.2908952415667585,-0.20156002759933475
97.03480839641834,-7.318846914075023,-0.2026357835531235
97.17078180579429,-7.347155680626731,-0.2052612739801407
97.30671765036878,-7.3756442832744415,-0.2065840393304825
97.44262531057383,-7.404267040279815,-0.20757103621959688
97.57850512391737,-7.43302170332298,-0.20854169189929964
97.71435188320348,-7.461932122075736,-0.20968810677528382
97.85015309581057,-7.491055737501074,-0.21125776052474976
97.98589998136036,-7.520431533397231,-0.21311511397361757
98.12153854649839,-7.550303492962976,-0.21677163362503055
98.25711417876997,-7.58045979006924,-0.21886840760707857
98.39273555769334,-7.6104096798840715,-0.21734621345996857
98.52837033191167,-7.640298847549668,-0.2168985027074814
98.66404222790658,-7.670019058823278,-0.21565300166606904
98.7998286543225,-7.699211535973966,-0.21176486551761628
98.93578248825885,-7.727614165412179,-0.20595162689685823
99.07188768500481,-7.75528237351724,-0.20055265486240387
99.20825836393634,-7.781610917889328,-0.19071946918964386
99.34487245109777,-7.806645803749821,-0.18124165952205656
99.48170133799293,-7.830478764791878,-0.17245067059993743
99.61862127061512,-7.853782978396622,-0.16858766376972198
99.7555989921217,-7.876745080475184,-0.1660895675420761
99.89270950981675,-7.898900446831835,-0.16020289838314056
100.02967534627945,-7.921933335558097,-0.16660636484622954
100.16660409197512,-7.945185710129558,-0.1682090675830841
100.30349497500286,-7.968659961233363,-0.1698296707868576
100.44046261112322,-7.991682145677974,-0.16652821242809296
100.57751825469258,-8.014174475188016,-0.16266099154949187
100.71468274531246,-8.035993201869164,-0.15774813950061797
100.85198589474257,-8.056921638924393,-0.15126076996326446
100.9894180651471,-8.076985358891013,-0.1449658805131912
101.12704297092928,-8.095681337855643,-0.13502081930637358
101.26483338811471,-8.11311565037047,-0.12585896432399749
101.402788607944,-8.129193947632642,-0.1160237818956375
101.54087711004466,-8.144084209839766,-0.10741624891757964
101.67908809790636,-8.157791038623062,-0.09884999215602874
101.81739868786006,-8.170453385469514,-0.09129559457302093
101.95578162516354,-8.182298932491959,-0.08539160788059234
102.09422700266525,-8.193390901181541,-0.07994724810123444
102.23273316811101,-8.20369606758052,-0.0742653864622116
102.37129258774408,-8.21325857519872,-0.0689045113325119
102.50990622757966,-8.222000038035654,-0.06298010885715484
102.64855868911032,-8.230102459432473,-0.05837052762508392
102.78725073977962,-8.237496335421564,-0.0532610422372818
102.92597389626832,-8.244281626484813,-0.04887351095676422
103.06471603594662,-8.250667000278739,-0.04599086582660675
103.20348360493435,-8.256473558487745,-0.04181937396526336
103.3422745542851,-8.26169147946431,-0.0375778442621231
103.48108014103552,-8.266504317283086,-0.03465934336185455
103.61989807405548,-8.270946815798986,-0.03199142038822174
103.75872348743398,-8.275149067729737,-0.03026080787181854
103.89755409440902,-8.279176087464206,-0.02899858295917511
104.03639235376852,-8.282930026598278,-0.02703163206577301
104.17523075380187,-8.286678759341328,-0.02699413239955902
104.3140709386672,-8.29036079513162,-0.02651374280452728
104.45290833918448,-8.29414636491801,-0.027259456515312194
104.59176235997568,-8.297263291467592,-0.022443737387657165
104.73062973499152,-8.299714103007842,-0.01764674484729767
104.86950369185512,-8.301758222879425,-0.014718182682991028
105.00838310032663,-8.30339046783775,-0.011752424836158753
105.14726613004699,-8.304678247591687,-0.00927213966846466
105.28615212811509,-8.30559140783237,-0.006574795842170716
105.42503983842062,-8.306189945291095,-0.004309479594230652
105.5639284411835,-8.306522125319635,-0.0023916965723037725
105.70281743591852,-8.306483882701084,0.00027534663677215507
105.84170602270736,-8.306145089551208,0.0024393111467361445
105.98059418217134,-8.305661890102584,0.0034790402650833126
106.11948165302061,-8.305010152352553,0.004692525267601013
106.2583676281262,-8.304093506306403,0.006599894165992736
106.39725219509869,-8.302983831641672,0.007989736199378967
106.53613443469578,-8.301613486613562,0.009866636395454407
106.67501562485964,-8.300140618774797,0.010604838728904725
106.81389346365435,-8.298379876684486,0.012677672505378724
106.95277197876557,-8.296673312445455,0.012287561893463136
107.09164759628933,-8.294745313899778,0.013882024288177492
107.2305333634792,-8.29379768892971,0.006822947263717653
107.36942105517065,-8.29319484763852,0.004340467453002931
107.50830821067518,-8.292479056565332,0.005153714418411256
107.6471952096835,-8.291733518195255,0.005367897748947145
107.78608096676408,-8.290784412745367,0.006833606958389284
107.9249693275609,-8.29120578689279,-0.003033896088600158
108.0638493244488,-8.292787174074446,-0.011386224627494812
108.20272742055023,-8.294527502848064,-0.01253068506717682
108.34160681762383,-8.296160717309055,-0.011759405732154846
108.48049327571148,-8.297001003490838,-0.006050092577934265
108.61938081119665,-8.297638818397024,-0.004592279791831969
108.75826610283906,-8.298653750119884,-0.007307567596435546
108.89715362225674,-8.299295054264329,-0.004617402553558348
109.03604011522926,-8.300129554591324,-0.006008433699607848
109.17492876652193,-8.300440782964415,-0.00224084436893463
109.31381764374044,-8.300256104915915,0.001329681277275087
109.4527066033587,-8.300150193844855,0.0007625591754913347
109.59159488971633,-8.299704959475697,0.0032056903839111344
109.73048141857284,-8.298876452872602,0.005965278148651125
109.86936820683341,-8.298092636783737,0.005643501281738283
110.00825475391106,-8.297267190330647,0.005943244695663454
110.14714123575882,-8.296430840553173,0.006021749973297122
110.28602734566076,-8.295534850983993,0.0064511644840240506
110.42491251092001,-8.294502769635548,0.007431048154830935
110.5637940361091,-8.293061838634477,0.010374881029129032
110.7026823306355,-8.292619159803452,0.0031872904300689724
110.84157130862455,-8.292697352877399,-0.0005629897117614721
110.98045898715526,-8.293303218664175,-0.004362244009971617
111.11934244695848,-8.294543748424584,-0.008931925892829894
111.25821941665156,-8.296371755500799,-0.013162020444869995
111.39708519087631,-8.29891165115965,-0.018288253545761107
111.53595761425008,-8.30105742544848,-0.015450177192687986
111.67482979704037,-8.303218713966878,-0.015561892986297605
111.81369894132928,-8.30556713587658,-0.016909430027008055
111.95256880372743,-8.307872702730526,-0.016600830554962157
112.09143312014207,-8.310491089198567,-0.018853484392166137
112.23030069126311,-8.312930763755555,-0.017566546201705932
112.36917147220119,-8.315180324300826,-0.016197531223297118
112.50803929228283,-8.317605786478023,-0.0174642014503479
112.64690627843294,-8.320078533651657,-0.017804706096649168
112.78577523280282,-8.32243815930282,-0.016990108489990233
112.92464397969552,-8.324809963985253,-0.017077810168266296
113.06350616968426,-8.327538793868092,-0.019648823738098144
113.20236775288727,-8.330298328494116,-0.019869940876960753
113.34122783574844,-8.333132355450145,-0.020406394004821776
113.4800962704875,-8.335522366773148,-0.01720891714096069
113.61896503387337,-8.337893205586449,-0.017070854902267455
113.75783975511226,-8.339884718031913,-0.014339369535446166
113.89671544937116,-8.34180718132364,-0.013842166662216186
114.03558335000355,-8.344228027240641,-0.017430959343910216
114.17446804863239,-8.345321099871452,-0.007870197892189025
114.31335677194289,-8.345043866792768,0.0019960778951644918
114.45223603483691,-8.343399282038268,0.01184127748012543
114.5910974912993,-8.340633377096848,0.019915816187858586
114.72994460155103,-8.337222468751317,0.024560989737510686
114.86878181999901,-8.333430227378955,0.02730750977993012
115.00762621186165,-8.329910402199175,0.025345434546470647
115.14647390326311,-8.32652323325077,0.02439001500606537
115.28533808170086,-8.323897539473764,0.018906106352806096
115.4242052433211,-8.321434666245237,0.017733602523803717
115.56308200431488,-8.319590872093245,0.013275697231292731
115.70196335945326,-8.318133643241724,0.01049223184585572
115.84084635842184,-8.316842551265323,0.009295988678932197
115.9797309230407,-8.315732582063474,0.007991856932640082
116.11861320071665,-8.314366101715372,0.009838809370994574
116.25749125747873,-8.312622636491515,0.01255326926708222
116.3963762637548,-8.311569378358199,0.007583525180816656
116.53525145667496,-8.309611034060428,0.014100534915924078
116.67410835700697,-8.3066251420358,0.021500061750411994
116.81298653406849,-8.304891285908262,0.012484078407287604
116.951859315217,-8.302768792781336,0.01528253316879273
117.09072880996797,-8.300441187012854,0.016759532690048224
117.22960892632575,-8.298870326914887,0.011310424804687507
117.36847477919733,-8.296334734824109,0.0182572627067566
117.50735213992805,-8.294536681023775,0.012946338653564461
117.64622629188091,-8.292505858438668,0.014622431993484505
117.78509827642465,-8.290331869045147,0.015653350353240975
117.92395890248841,-8.28752458384724,0.02021381378173829
118.06283491675472,-8.28562537809187,0.013674696683883675
118.2016939311099,-8.282739472114509,0.02078000187873841
118.34055440980848,-8.279924907032534,0.020266239643096932
118.47941678821009,-8.277205681839801,0.019579656720161445
118.61828488517997,-8.274796124834436,0.01734966695308686
118.75716244921384,-8.273013842863927,0.012832772135734565
118.89604711648794,-8.271916793564758,0.007898830771446236
119.03493536183758,-8.271458945667575,0.00329650819301606
119.17382330771052,-8.270917824428741,0.0038960796594619826
119.31271228759469,-8.27084307327691,0.0005382078886032181
119.45160119971908,-8.27099930997446,-0.0011249035596847458
119.59048862820653,-8.271660013494708,-0.004757079482078545
119.72936963289995,-8.273150267281348,-0.010730024576187127
119.86824189916152,-8.27530618573451,-0.015523223876953119
120.00709216030822,-8.278586323001802,-0.02361916542053222
120.1459238407579,-8.282576163163645,-0.028730778694152827
120.28475743948644,-8.286498685959371,-0.028245897293090814
120.42358015617057,-8.290789100093031,-0.030895872116088862
120.56240190567283,-8.295110695415556,-0.0311204844713211
120.70122964937893,-8.299235243690358,-0.029701090455055233
120.84005978757159,-8.303278392266234,-0.029114759564399715
120.97888262182592,-8.307565000551797,-0.03086845695972442
121.11770395064315,-8.311900088373113,-0.031217677593231196
121.25652063280482,-8.31638150272863,-0.03227175891399383
121.39535125347992,-8.320408050128986,-0.028995180726051326
121.53417912392584,-8.324528330271168,-0.029670346379280087
121.67300962219397,-8.328559095908089,-0.02902556478977203
121.81184881974653,-8.332278174283557,-0.026780543923377986
121.95067979848999,-8.336292356906926,-0.028906117081642146
122.08950470758846,-8.340511235288787,-0.030380573272705075
122.22833413947481,-8.344578564032826,-0.029288930892944334
122.36717194997257,-8.34834906760482,-0.02715093970298767
122.50601535416536,-8.351907639391461,-0.02562450051307678
122.64486614994213,-8.355165066774829,-0.023455609083175656
122.78373775500768,-8.357363163114266,-0.015826941728591917
122.92262159794316,-8.358560030889995,-0.00861754775047302
123.06151058105131,-8.358628530421047,-0.0004931962490081765
123.20039368956955,-8.35734927700261,0.009210747480392458
123.33925839033266,-8.35475135418343,0.018706120252609256
123.47809016975066,-8.350764959241726,0.028705962896347047
123.61687596606083,-8.345411729977798,0.03855276942253113
123.7556052925748,-8.338753780895567,0.04795557379722595
123.89432333881963,-8.331864806587545,0.04962093591690064
124.03301810072661,-8.3245219637751,0.052893085479736326
124.17172784311595,-8.317467767344374,0.05081203579902649
124.31044660537924,-8.31059322611313,0.049516890048980716
124.44914053264424,-8.303234635160301,0.053006631135940556
124.58786658451699,-8.296508800431575,0.04844491839408875
124.72662339090826,-8.290450500249722,0.04363357067108155
124.86539215176757,-8.284672496219413,0.041613605022430424
125.0041736723002,-8.279209541007328,0.0393433952331543
125.14298823023657,-8.274662803063418,0.0327423369884491
125.28181287353847,-8.270435187529861,0.030443509817123415
125.42065457624373,-8.266810837808503,0.026098259687423707
125.5595032786734,-8.263465370039146,0.024089678525924682
125.69836942585408,-8.260945947844531,0.018140820264816282
125.83723890823892,-8.258617604406057,0.0167648446559906
125.97611115399673,-8.256460365619798,0.015532731413841247
126.1149887230357,-8.254678473696776,0.012829963564872742
126.25386851667179,-8.253079336242381,0.011514034867286683
126.39275154342893,-8.251791236954803,0.009274440407752991
126.53163808563382,-8.250964971034463,0.005949144959449768
126.67052677203532,-8.25126011619582,-0.00212504506111145
126.80941523811936,-8.251645226339022,-0.0027727943658828733
126.94830421178808,-8.25173074971267,-0.0006157678365707395
127.08719102796205,-8.252509604037757,-0.005607776045799255
127.22607938234283,-8.25293308768483,-0.0030490845441818234
127.36496324456597,-8.254127715234995,-0.008601417541503906
127.50385144678314,-8.254598465571956,-0.003389406204223632
127.64273924553156,-8.25517611582967,-0.0041590905189514155
127.78162158908626,-8.256535884102066,-0.009790480136871338
127.92050450910492,-8.257835440983964,-0.009356938600540161
128.05939138282315,-8.258603965396636,-0.00553339958190918
128.1982800229081,-8.258287775028341,0.002276570796966552
128.33716159497402,-8.256851369270754,0.010342297554016113
128.47603754227933,-8.254947273408801,0.013709908723831175
128.61490666332807,-8.25259747764192,0.016919323205947873
128.7537851685743,-8.250890110786987,0.012293341159820554
128.8926726807219,-8.250247234088878,0.00462872505187988
129.03156141520813,-8.250518810610503,-0.0019553506374359163
129.17044689255786,-8.25150800337917,-0.0071222424507141145
129.30932275032652,-8.25341861846902,-0.013756851553916934
129.4481969289775,-8.255447614530983,-0.014609279632568362
129.5870706252416,-8.257509363047795,-0.01484512269496918
129.72593638183218,-8.26005022265126,-0.018295195102691654
129.864799335064,-8.262739932809897,-0.01936710834503174
130.00367239041148,-8.264844408862404,-0.01515279531478882
130.14253642628637,-8.267477631514831,-0.018960323929786683
130.28140505507324,-8.26985634121874,-0.017127533555030824
130.4202721289388,-8.272324157463679,-0.01776919782161713
130.5591408243031,-8.274698977206556,-0.017099521756172183
130.69800435290622,-8.277358816467945,-0.019151998162269597
130.83687267592117,-8.27975531057707,-0.01725560009479523
130.97573962258772,-8.28223027411411,-0.01782066643238068
131.11460218724716,-8.28493997099909,-0.01951103985309601
131.25347833543807,-8.286829358374206,-0.013603997826576236
131.39236502260766,-8.287630886950708,-0.0057710331678390535
131.53125348043457,-8.287242810326568,0.0027941530942916844
131.6701385665524,-8.286200133463408,0.0075073379278182955
131.80902223602746,-8.284983303919205,0.008761277794837949
131.94790243057093,-8.283419371514922,0.011260542273521421
132.08677559093226,-8.281321836710717,0.015102812647819517
132.22564816573149,-8.279185885018707,0.015379446148872374
132.36452305655985,-8.277206233936502,0.01425395905971527
132.503402157226,-8.27554800621847,0.01193951368331909
132.64226792510104,-8.273007763420354,0.018290753364562984
132.78113046129948,-8.270296608402182,0.019521540403366084
132.91999502692653,-8.267691472280196,0.018758065104484554
133.05886087636725,-8.26515569230039,0.01825861573219299
133.19772803908992,-8.262692881233093,0.017733154892921443
133.33659356708594,-8.260139558811815,0.018384942412376398
133.47546311115136,-8.257814897102149,0.0167383325099945
133.61433340509947,-8.25553547178799,0.016412585973739617
133.7532047187632,-8.253319041705145,0.01595896124839782
133.89207809718752,-8.251235994415586,0.014998490810394281
134.03095393416572,-8.2493238687382,0.013767728805541985
134.16983104412935,-8.24750654951859,0.013085061311721794
134.30870908339182,-8.245761690896577,0.012563302516937248
134.44758690787432,-8.243999820298724,0.012685798406600945
134.5864656646158,-8.242313034318144,0.01214514791965484
134.7253437882696,-8.240574905613004,0.01251484334468841
134.8642237067023,-8.238986643312137,0.011435728669166558
135.00310322804762,-8.237364030638634,0.011683067679405206
135.141983039782,-8.23576646573335,0.011502711772918695
135.28086295143234,-8.234177610487365,0.01143999814987182
135.41974592348657,-8.232883626566853,0.009316811561584466
135.55862872933008,-8.231571924606556,0.00944438695907592
135.69751357001962,-8.230497053618242,0.007739142179489128
135.83639849871687,-8.2294336149679,0.007656826972961417
135.97528309376494,-8.228327459765495,0.007964395284652702
136.11416719019368,-8.2271603778594,0.00840308189392089
136.25305194020746,-8.226073853761436,0.007823047041892997
136.39193683131035,-8.225005516577477,0.007692097425460807
136.53082300501342,-8.224119471929361,0.00637955963611602
136.66970864995216,-8.22315409586109,0.006950758099555961
136.80859428810223,-8.222187743624017,0.006957786679267875
136.9474803692931,-8.2212873145915,0.0064831292629241866
137.08636626239903,-8.220358327417845,0.0066887521743774336
137.22525232121788,-8.21945445421739,0.006507927775382988
137.36413830821263,-8.21853961133956,0.006586911082267753
137.50302532205063,-8.217796840739876,0.005347969532012931
137.641912462062,-8.217078049769409,0.005175313949584953
137.7807998220907,-8.216403108839549,0.004859589934349052
137.9196863446701,-8.215573550646287,0.005972849726676933
138.05857267645396,-8.214712641462128,0.0061985808610916055
138.19745983273575,-8.213997001219923,0.005152628421783439
138.3363468472174,-8.213254350986883,0.0053471028804778975
138.47523373847756,-8.212489003290317,0.005510526895523064
138.6141199180994,-8.211603886883632,0.006372876167297356
138.75300511377478,-8.210575906721946,0.007401518821716302
138.89189078190486,-8.209613872906345,0.006926693320274346
139.03077622333973,-8.208619650374917,0.007158457636833184
139.16966331235045,-8.207891071536196,0.0052457875013351375
139.3085504709362,-8.207175878571602,0.005149407982826227
139.44743668081546,-8.20629552274522,0.0063385993242263735
139.5863226371616,-8.205376038749868,0.00662032783031463
139.72520876291108,-8.204482509064968,0.006433452963829034
139.86409505470536,-8.203615172549759,0.0062448585033416685
140.0029817082977,-8.202807846769094,0.005812773704528802
140.14186875869356,-8.202071943691658,0.005298522710800164
140.28075542486022,-8.201266784008363,0.005797177553176873
140.41964203810298,-8.200452546353539,0.005862540006637567
140.5585288927184,-8.199680577422102,0.005558200478553765
140.6974158813456,-8.198933107639535,0.005381804108619683
140.83630284552504,-8.198181108959739,0.005414412617683404
140.97518997777155,-8.197460819199724,0.005186105370521539
141.11407706343522,-8.196731602599575,0.005250379443168633
141.2529639176862,-8.19595956810399,0.005558672547340386
141.39185181074652,-8.19540505727186,0.003992485404014581
141.5307403382661,-8.195042780527466,0.0026083934307098325
141.669628308343,-8.194507907717561,0.0038510906696319516
141.80851625656106,-8.193967388729908,0.003891743421554559
141.9474045079349,-8.193511371928638,0.003283324241638177
142.08629270430853,-8.193038900681671,0.0034017968177795345
142.22518083357,-8.19254709660364,0.003540993928909295
142.36406891644376,-8.192042362364205,0.003634091615676873
142.50295721053604,-8.191599547353707,0.0031882709264755183
142.6418455478502,-8.191170502946154,0.0030891221761703423
142.78073400833856,-8.190783379993379,0.0027872866392135553
142.91962058538607,-8.189962991654715,0.005906825661659234
143.0585079849192,-8.189296229386665,0.004800702929496758
143.19739456202345,-8.188475850650812,0.005906756520271294
143.3362810568887,-8.187641665395159,0.006006165146827691
143.47516838062032,-8.186959296236397,0.004913073778152459
143.6140556901975,-8.18627405217948,0.004933773279190056
143.75294198976974,-8.185407962040347,0.006235884428024285
143.89182942361984,-8.184748386774514,0.004748955965042107
144.0307162933537,-8.183979142646209,0.005538581609725945
144.16960423305238,-8.183436438997619,0.0039074730873107835
144.30849124498798,-8.182693312761693,0.005350530147552482
144.44737450398415,-8.181430501768084,0.009092357158660882
144.58625408948495,-8.179813389488501,0.011643462181091302
144.72512838154145,-8.177792170349814,0.014553279876708979
144.86400817996272,-8.17619344852782,0.011511042118072504
145.00289237168298,-8.175037762061011,0.008321031928062434
145.14177913730518,-8.174249944822856,0.005672309994697566
145.2806677452445,-8.173919936220205,0.002376062273979182
145.41955674160582,-8.173951728452257,-0.00022890388965607182
145.55844488738188,-8.174438846388798,-0.0035072535276413014
145.69733217358274,-8.175128812155688,-0.004967769980430609
145.83621765448868,-8.176117505499363,-0.007118646502494818
145.9751002242551,-8.177453969517698,-0.009622681736946111
146.11397967230485,-8.179082843483506,-0.011728152036666875
146.2528553685403,-8.181005163986004,-0.013841138482093816
146.39172701117556,-8.183200885458385,-0.015809840559959418
146.53059304351305,-8.185726629674447,-0.018186346292495735
146.66945384506852,-8.188525220815423,-0.020151203870773324
146.80830665275127,-8.191695728600271,-0.022829620838165293
146.9471557773574,-8.195023628405337,-0.023963152766227732
147.08599653612308,-8.198683959861933,-0.02635741710662843
147.224831866294,-8.202544713328239,-0.02780098378658296
147.36366514205113,-8.206478650738589,-0.02832811534404756
147.50249634585015,-8.210485042222034,-0.02884999752044679
147.6413321864825,-8.214327395265625,-0.027668449878692637
147.7801670893294,-8.218203485110346,-0.027911448478698742
147.9190025109543,-8.222060948426657,-0.02777728557586671
148.05783747561722,-8.225934823495,-0.027895495891571056
148.19667554421238,-8.22969581136606,-0.027082401514053354
148.33552385093654,-8.23305766217078,-0.02420767068862916
148.4743695897309,-8.23652394831607,-0.024959831833839426
148.61321699501138,-8.23992282575995,-0.02447434127330781
148.7520617431416,-8.24342856928409,-0.025244014263153085
148.8909304135925,-8.245804845403566,-0.01711000919342042
149.0298049042741,-8.247812370976774,-0.014454675912857066
149.1686835594011,-8.249507502568603,-0.012205240726470957
149.30756333175705,-8.251108487066391,-0.011527334451675425
149.44644401255346,-8.2526286260496,-0.010945210456848153
149.58532477194643,-8.254141567367466,-0.010893384218215951
149.7242063073113,-8.25558151726184,-0.010367816686630258
149.8630879251336,-8.257013492143498,-0.010310393571853647
150.001970574084,-8.258341702036795,-0.009563249349594126
150.14085410455905,-8.259574294339682,-0.00887477397918702
150.27973869922076,-8.260680498052146,-0.007964744567871102
150.4186243167124,-8.261649814805631,-0.006979131698608407
150.55750978532527,-8.262640233495791,-0.007131069302558907
150.69639568940894,-8.26356757801736,-0.006676924824714669
150.83528226632833,-8.264387988045131,-0.0059069818258285604
150.97416844021836,-8.265274003388203,-0.006379348635673531
151.1130550992293,-8.266080396453955,-0.0058060580492019735
151.25194200044118,-8.266843936086119,-0.005497508645057686
151.39082939592203,-8.267511541916404,-0.004806776642799385
151.5297168387107,-8.268169232287818,-0.004735384583473214
151.66860467465776,-8.268737868323178,-0.004094187617301949
151.8074926251559,-8.269277801119673,-0.003887522816658028
151.94638023940706,-8.269898227280295,-0.0044670796394348225
152.08526769707225,-8.270552768572264,-0.004712710976600655
152.2241556607711,-8.271089294986163,-0.00386299669742585
152.3630429928671,-8.271769959554026,-0.0049008005857467726
152.50193096606435,-8.272304021497765,-0.0038452523946762157
152.64081862127824,-8.27291520902187,-0.004400560855865486
152.77970671342516,-8.273417385077826,-0.003615672588348396
152.91859462552185,-8.273967107207461,-0.003958006501197822
153.05748284498603,-8.274432741255703,-0.0033525687456131053
153.19637113752972,-8.274876041710838,-0.003191766142845161
153.33525912681563,-8.27540590312747,-0.0038150084018707345
153.47414680046558,-8.276012886739927,-0.004370292425155646
153.6130348057353,-8.276538541751327,-0.003784722089767463
153.7519234317592,-8.276860849366162,-0.0023206150531768868
153.8908117590554,-8.277293124580869,-0.0031123840808868477
154.02970005607938,-8.27773501911746,-0.0031816434860229563
154.1685886136007,-8.27808560526777,-0.0025242209434509348
154.30747707444291,-8.278472601229929,-0.0027863723039627144
154.44636573751643,-8.278778527116438,-0.002202666401863105
154.58525425175802,-8.279145859066372,-0.0026447910070419383
154.72414293190084,-8.279443934867874,-0.0021461457014083935
154.8630313399202,-8.279849445462263,-0.002919678092002876
155.00191971405184,-8.280266401183628,-0.0030020833015441967
155.14080822118007,-8.280636412934536,-0.00266408562660218
155.27969671185068,-8.28101255152902,-0.0027081990242004464
155.41858547316062,-8.281270044811917,-0.0018539512157440255
155.55747429132614,-8.281494788180401,-0.0016181516647338935
155.6963631655899,-8.28168167516027,-0.0013455855846405097
155.83525198086556,-8.28190819739534,-0.0016309595108032293
155.97414065175255,-8.282210555204502,-0.0021769762039184634
156.11302943233287,-8.282457435558268,-0.0017775380611419742
156.25191794409085,-8.282825705368191,-0.0026515436172485415
156.3908066970576,-8.283087660220087,-0.0018860745429992738
156.52969546834154,-8.283339716239631,-0.001814802885055548
156.6685843759058,-8.283499955472466,-0.001153721809387213
156.80747337422696,-8.283478360526907,0.0001554834842681825
156.9463623478282,-8.283563993424156,-0.0006165564060211241
157.08525134563257,-8.283539297378946,0.00017781138420104386
157.22414026819882,-8.283392636583466,0.00105595707893371
157.36302924626332,-8.283314577620057,0.0005620241165161075
157.50191824411382,-8.283339012894743,-0.00017593383789063087
157.64080717410556,-8.283478464506496,-0.0010040509700775205
157.77969610783512,-8.283614142315225,-0.000976879596710211
157.91858504928982,-8.283741667199097,-0.0009181785583496152
158.05747402053444,-8.283831040621195,-0.0006434881687164364
158.19636298502658,-8.28373172646324,0.000715061426162714
158.33525198485947,-8.28373853994186,-4.90570068359433e-05
158.4741409357777,-8.283855303947732,-0.0008407002687454281
158.61302982780285,-8.284028488896517,-0.001246930956840521
158.75191881250527,-8.284093675814384,-0.00046934545040131187
158.89080779863528,-8.284031605062625,0.00044690907001494794
